"systems","nAtoms","compos","Eref","B3LYP","B97-1","BH&HLYP","BLYP","CAM-B3LYP","LC-Ï‰PBE","PBE","PBE0","PW86PBE"
"lih",2,"1 H + 1 Li ","  -58.03"," -0.44","  3.60","  1.18"," -0.08"," -1.02","  3.83","  4.56","  5.32","  3.64"
"ch2sing",3,"2 H + 1 C "," -180.93","  0.29","  3.22","  5.13","  1.02","  1.05","  6.70","  2.11","  4.78","  3.32"
"ch4",5,"4 H + 1 C "," -420.33"," -0.29","  5.96","  6.11","  3.73"," -1.29","  4.16","  0.69","  2.96","  5.79"
"nh3",4,"1 N + 3 H "," -297.98"," -2.61","  2.86","  8.35"," -3.39"," -2.71","  3.59"," -3.64","  3.31"," -0.60"
"h2o",3,"1 O + 2 H "," -232.76","  2.18","  4.70"," 13.20","  0.42","  1.21","  4.66"," -1.19","  5.99","  3.67"
"hf",2,"1 F + 1 H "," -141.39","  2.30","  3.59","  9.87","  0.54","  1.44","  2.89"," -0.47","  4.62","  3.24"
"sih2sing",3,"2 H + 1 Si "," -151.87"," -0.91","  2.13","  1.29","  0.77"," -0.59","  6.28","  4.70","  5.40","  6.14"
"sih4",5,"4 H + 1 Si "," -322.32","  0.50","  6.78","  1.07","  6.33"," -1.09","  6.76"," 10.54","  8.76"," 14.20"
"ph3",4,"1 P + 3 H "," -241.94"," -1.17","  3.84","  3.00","  1.13"," -1.01","  8.19","  4.37","  6.11","  7.87"
"sh2",3,"2 H + 1 S "," -182.99","  2.00","  3.96","  6.59","  3.26","  2.14","  6.70","  1.87","  4.13","  5.99"
"hcl",2,"1 H + 1 Cl "," -107.24","  2.65","  3.06","  5.67","  3.22","  2.64","  4.34","  1.23","  2.74","  4.11"
"li2",2,"2 Li ","  -24.33","  3.44","  3.04","  4.00","  3.56","  3.23","  5.64","  4.12","  4.96","  4.66"
"lif",2,"1 F + 1 Li "," -137.98","  1.71","  3.04"," 10.62"," -1.75"," -0.38","  1.99"," -0.26","  6.84","  0.25"
"c2h2",4,"2 H + 2 C "," -405.68","  2.87","  4.29"," 17.95","  1.01","  2.44","  5.02"," -8.59","  1.77"," -3.59"
"c2h4",6,"4 H + 2 C "," -563.66","  0.87","  4.72"," 14.16","  3.35"," -0.52","  4.42"," -7.32","  0.36","  0.59"
"c2h6",8,"6 H + 2 C "," -712.36","  1.41","  7.67"," 12.86","  8.49"," -1.90","  3.27"," -3.74","  0.96","  7.07"
"hcn",3,"1 N + 1 H + 1 C "," -312.90","  0.11","  0.54"," 19.54"," -6.81","  0.66","  3.31","-12.67","  2.36","-10.74"
"co",2,"1 O + 1 C "," -259.57","  5.09","  1.12"," 22.10"," -1.47","  3.77","  2.93"," -8.48","  4.92"," -4.20"
"h2co",4,"1 O + 2 H + 1 C "," -374.05","  1.10","  1.16"," 19.57"," -3.08","  0.01","  2.26","-11.20","  2.17"," -4.47"
"h3coh",6,"1 O + 4 H + 1 C "," -512.79","  1.80","  5.07"," 18.12","  2.59"," -1.28","  3.23"," -6.67","  3.37","  3.34"
"n2",2,"2 N "," -228.53"," -0.29"," -0.55"," 21.92","-11.02","  0.55","  1.69","-14.30","  3.94","-15.27"
"h2nnh2",6,"2 N + 4 H "," -438.30"," -5.02","  0.18"," 16.46"," -8.38"," -6.36","  0.96","-14.08","  0.83"," -7.77"
"hooh",4,"2 O + 2 H "," -269.16","  2.44","  2.38"," 27.56"," -6.08","  0.89","  3.99","-12.68","  6.11"," -3.99"
"f2",2,"2 F ","  -39.16","  2.08"," -0.04"," 23.32"," -9.11","  1.78","  1.10","-13.53","  3.94"," -8.42"
"co2",3,"2 O + 1 C "," -389.76","  3.25"," -3.45"," 34.11"," -8.69","  1.91"," -1.75","-25.11"," -0.62","-15.75"
"na2",2,"2 Na ","  -17.07","  0.26"," -5.38","  1.45"," -0.50","  1.06","  4.34"," -0.44","  1.52","  0.83"
"p2",2,"2 P "," -117.23","  3.18","  1.09"," 15.67"," -2.58","  8.03"," 18.96"," -2.55","  7.56"," -0.03"
"cl2",2,"2 Cl ","  -59.61","  5.60","  0.31"," 13.29","  3.06","  6.71","  7.04"," -4.46","  1.60","  0.63"
"nacl",2,"1 Na + 1 Cl ","  -98.85","  6.80","  1.56","  8.48","  7.88","  5.55","  4.63","  5.26","  5.94","  7.31"
"sio",2,"1 O + 1 Si "," -192.98","  8.08","  6.15"," 24.34","  0.63","  7.32"," 11.23"," -0.45"," 12.91","  2.93"
"sc",2,"1 S + 1 C "," -171.95","  7.31","  2.75"," 21.61","  1.25","  9.95"," 13.08"," -6.09","  5.51"," -1.99"
"fcl",2,"1 F + 1 Cl ","  -62.62","  3.20","  0.53"," 16.81"," -3.13","  2.73","  2.97"," -8.30","  2.98"," -3.40"
"si2h6",8,"6 H + 2 Si "," -531.13","  3.61","  9.07","  4.72"," 13.79","  0.23","  8.33"," 13.70"," 11.16"," 22.01"
"ch3cl",5,"3 H + 1 C + 1 Cl "," -395.39","  3.45","  3.68"," 12.14","  6.36","  2.00","  4.27"," -3.74","  0.84","  4.36"
"h3csh",6,"4 H + 1 S + 1 C "," -474.22","  3.84","  5.47"," 14.02","  7.70","  2.29","  6.62"," -2.62","  2.53","  6.97"
"hocl",3,"1 O + 1 H + 1 Cl "," -165.55","  3.78","  1.54"," 20.26"," -1.84","  3.39","  5.32"," -8.66","  3.92"," -1.89"
"so2",3,"2 O + 1 S "," -259.32"," 19.26"," 11.44"," 52.23","  4.75"," 18.63"," 17.80"," -9.52"," 17.49","  1.48"
"bf3",4,"3 F + 1 B "," -471.34","  7.82","  3.28"," 26.28","  4.43"," -0.01","  0.24"," -8.66","  5.75","  3.91"
"bcl3",4,"1 B + 3 Cl "," -325.26"," 13.56","  0.26"," 22.21"," 15.34"," 10.83","  5.02"," -8.24"," -1.84","  4.25"
"alf3",4,"3 F + 1 Al "," -428.07"," 17.87"," 14.90"," 35.35"," 13.77","  9.87","  8.21","  7.90"," 21.42"," 16.32"
"alcl3",4,"1 Al + 3 Cl "," -308.96"," 17.92","  4.76"," 20.86"," 22.69"," 13.88","  7.57","  5.75","  6.94"," 16.68"
"cf4",5,"4 F + 1 C "," -477.74","  9.90"," -0.61"," 40.04","  2.43"," -1.32"," -6.75","-24.62"," -0.69"," -3.12"
"ccl4",5,"1 C + 4 Cl "," -315.98"," 22.93","  4.23"," 42.17"," 20.26"," 20.01"," 12.12","-14.31","  0.86","  4.05"
"ocs",3,"1 O + 1 S + 1 C "," -334.40","  3.60"," -4.07"," 29.99"," -6.37","  5.02","  4.48","-22.71"," -1.79","-13.50"
"cs2",3,"2 S + 1 C "," -279.04","  5.89"," -2.52"," 28.09"," -2.10"," 11.18"," 14.73","-18.72"," -1.31"," -9.63"
"sif4",5,"4 F + 1 Si "," -575.02"," 28.34"," 23.00"," 48.22"," 26.04"," 16.28"," 17.14"," 13.96"," 29.32"," 29.27"
"sicl4",5,"1 Si + 4 Cl "," -387.19"," 29.58","  9.56"," 35.47"," 35.17"," 24.34"," 15.93","  6.90"," 10.61"," 24.08"
"n2o",3,"2 N + 1 O "," -270.78"," -4.03"," -7.27"," 38.51","-24.73"," -0.79"," -1.85","-38.76"," -3.80","-33.83"
"clno",3,"1 N + 1 O + 1 Cl "," -192.43"," -0.37"," -6.07"," 36.42","-19.81","  4.61","  7.22","-31.42"," -0.15","-25.31"
"nf3",4,"1 N + 3 F "," -205.78"," -1.78"," -8.52"," 39.55","-21.95"," -5.49"," -7.92","-39.02"," -3.68","-25.73"
"pf3",4,"3 F + 1 P "," -365.08"," 13.58","  9.04"," 36.04","  6.31","  5.96","  9.65"," -2.97"," 15.94","  9.70"
"o3",3,"3 O "," -147.55","  7.62","  0.50"," 61.62","-20.84"," 10.71","  7.53","-36.38","  8.22","-25.59"
"f2o",3,"2 F + 1 O ","  -93.96","  0.28"," -4.45"," 37.22","-19.31"," -0.52"," -1.68","-29.46","  1.83","-19.97"
"clf3",4,"3 F + 1 Cl "," -127.33","  4.20"," -1.48"," 45.60","-17.28","  3.37","  3.65","-33.14","  2.81","-19.93"
"c2f4",6,"4 F + 2 C "," -585.56","  2.80"," -9.29"," 44.55"," -9.47"," -7.30","-13.95","-43.99","-10.61","-20.22"
"c2cl4",6,"2 C + 4 Cl "," -470.13"," 21.83","  1.17"," 48.38"," 18.06"," 18.39","  7.85","-26.58"," -5.99"," -4.86"
"cf3cn",6,"1 N + 3 F + 2 C "," -640.86","  7.90"," -3.63"," 52.31"," -6.38"," -0.67"," -5.58","-38.89"," -2.97","-19.36"
"propyne",7,"4 H + 3 C "," -705.09","  3.13","  4.68"," 23.60","  4.25","  0.67","  2.86","-15.07"," -2.04"," -4.17"
"allene",7,"4 H + 3 C "," -703.50"," -0.35","  1.10"," 21.47"," -0.28"," -1.63","  2.10","-19.67"," -5.28"," -8.55"
"cyclopropene",7,"4 H + 3 C "," -683.20","  5.25","  5.65"," 25.92","  7.08","  2.03"," -0.91","-17.55"," -4.77"," -4.87"
"propylene",9,"6 H + 3 C "," -860.73","  2.81","  6.64"," 21.38","  8.28"," -0.97","  3.64","-12.09"," -1.74","  1.72"
"cyclopropane",9,"6 H + 3 C "," -853.39","  4.58","  7.26"," 22.10"," 11.91"," -1.03"," -2.96","-14.01"," -5.21","  1.72"
"propane",11,"8 H + 3 C ","-1006.75","  4.23"," 10.38"," 20.68"," 14.46"," -1.66","  3.27"," -7.29"," -0.13","  9.34"
"butadiene",10,"6 H + 4 C ","-1012.85","  4.04","  5.52"," 30.19","  7.52","  0.69","  5.62","-20.76"," -4.30"," -4.06"
"2-butyne",10,"6 H + 4 C ","-1004.36","  4.62","  6.26"," 30.45","  8.71","  0.12","  1.84","-20.32"," -4.64"," -3.52"
"methylene-cyclopropane",10,"6 H + 4 C "," -991.03","  2.68","  3.04"," 28.36","  7.68"," -2.78"," -5.26","-26.46","-11.13"," -7.71"
"bicyclobutane",10,"6 H + 4 C "," -987.45","  9.99","  9.30"," 34.41"," 16.91","  2.52"," -6.29","-23.21"," -9.49"," -2.50"
"cyclobutene",10,"6 H + 4 C ","-1001.99","  8.62","  6.22"," 33.26"," 14.38","  2.45"," -0.97","-21.10"," -6.62"," -0.71"
"cyclobutane",12,"8 H + 4 C ","-1149.08","  8.28","  8.42"," 30.45"," 18.95"," -0.20"," -2.81","-17.23"," -6.19","  5.67"
"isobutene",12,"8 H + 4 C ","-1158.79","  6.10","  9.75"," 29.72"," 14.78"," -0.36","  3.83","-15.55"," -2.68","  4.21"
"trans-butane",14,"10 H + 4 C ","-1301.19","  7.18"," 13.20"," 28.61"," 20.58"," -1.32","  3.32","-10.74"," -1.13"," 11.72"
"isobutane",14,"10 H + 4 C ","-1302.95","  8.40"," 14.27"," 29.73"," 21.90"," -0.39","  4.23"," -9.75"," -0.14"," 12.80"
"spiropentane",13,"8 H + 5 C ","-1284.51","  9.24","  8.46"," 38.62"," 19.36"," -0.76"," -9.90","-29.75","-13.67"," -3.29"
"benzene",12,"6 H + 6 C ","-1368.25","  8.08","  1.34"," 45.51"," 12.65","  1.13"," -1.17","-40.13","-16.19","-13.21"
"ch2f2",5,"2 F + 2 H + 1 C "," -437.21","  2.82","  1.38"," 21.98","  0.08"," -2.47"," -1.57","-13.16","  0.84"," -0.93"
"chf3",5,"3 F + 1 H + 1 C "," -458.90","  6.18","  0.34"," 31.11","  0.76"," -1.97"," -3.98","-19.14","  0.20"," -2.40"
"ch2cl2",5,"2 H + 1 C + 2 Cl "," -371.47","  8.89","  3.02"," 20.71"," 10.15","  7.05","  6.15"," -7.64","  0.09","  3.71"
"chcl3",5,"1 H + 1 C + 3 Cl "," -345.77"," 15.52","  3.37"," 30.92"," 14.85"," 13.21","  8.97","-11.14","  0.22","  3.65"
"methylamine",7,"1 N + 5 H + 1 C "," -582.25"," -1.33","  4.47"," 14.79","  0.77"," -3.70","  2.82"," -8.02","  1.51","  0.53"
"methyl-cyanide",6,"1 N + 3 H + 2 C "," -615.89","  0.47","  1.10"," 25.08"," -3.37"," -1.07","  1.32","-18.82"," -1.24","-10.99"
"nitromethane",7,"1 N + 2 O + 3 H + 1 C "," -601.48","  0.28"," -2.90"," 47.16","-14.90"," -2.20"," -2.50","-39.14"," -2.93","-23.67"
"methyl-nitrite",7,"1 N + 2 O + 3 H + 1 C "," -598.75","  1.01"," -2.20"," 47.31","-14.98"," -1.75"," -0.53","-37.01"," -0.30","-22.20"
"methylsilane",8,"6 H + 1 Si + 1 C "," -627.75","  4.47"," 10.19"," 10.35"," 13.36","  0.70","  7.69","  8.00","  8.73"," 17.55"
"formic-acid",5,"2 O + 2 H + 1 C "," -501.49","  3.79","  0.57"," 32.55"," -3.67","  0.15","  0.76","-19.87","  1.81"," -7.27"
"methyl-formate",8,"2 O + 4 H + 2 C "," -785.24","  4.01","  1.56"," 38.03"," -0.84"," -2.07"," -0.23","-24.86"," -0.20"," -7.20"
"acetamide",9,"1 N + 1 O + 5 H + 2 C "," -868.63","  1.96","  1.84"," 35.15"," -0.65"," -3.70"," -0.87","-25.51"," -2.27"," -8.74"
"aziridine",8,"1 N + 5 H + 2 C "," -720.07","  1.31","  3.06"," 24.19","  2.91"," -2.80"," -3.04","-19.19"," -4.82"," -5.81"
"cyanogen",4,"2 N + 2 C "," -502.50","  0.19"," -4.41"," 41.08","-17.05","  2.62","  3.96","-34.88"," -1.57","-30.66"
"dimethylamine",10,"1 N + 7 H + 2 C "," -870.30","  0.68","  6.69"," 21.93","  5.69"," -4.25","  2.67","-12.12","  0.13","  2.13"
"trans-ethylamine",10,"1 N + 7 H + 2 C "," -877.43","  0.45","  6.16"," 21.64","  5.60"," -4.51","  1.85","-12.72"," -0.61","  1.68"
"ketene",5,"1 O + 2 H + 2 C "," -532.84"," -0.09"," -2.70"," 26.80"," -6.43"," -1.40"," -1.35","-24.33"," -4.37","-13.98"
"oxirane",7,"1 O + 4 H + 2 C "," -650.91","  3.86","  3.30"," 27.60","  3.46"," -0.67"," -2.55","-18.43"," -2.80"," -3.84"
"acetaldehyde",7,"1 O + 4 H + 2 C "," -677.25","  2.68","  2.92"," 26.42","  1.43"," -0.87","  1.33","-16.28"," -0.13"," -3.59"
"glyoxal",6,"2 O + 2 H + 2 C "," -634.00","  4.45"," -1.42"," 40.73"," -5.35","  0.93","  0.27","-27.87"," -0.20","-13.71"
"ethanol",9,"1 O + 6 H + 2 C "," -810.44","  4.58","  7.95"," 25.86","  8.53"," -1.16","  3.29","-10.13","  2.38","  5.69"
"dimethyl-ether",9,"1 O + 6 H + 2 C "," -798.07","  2.93","  6.85"," 24.48","  6.35"," -2.60","  3.17","-11.04","  1.98","  4.32"
"thiooxirane",7,"4 H + 1 S + 2 C "," -624.38","  6.39","  3.60"," 23.49","  9.71","  3.79","  2.27","-13.90"," -3.85","  0.56"
"dimethylsulfoxide",10,"1 O + 6 H + 1 S + 2 C "," -856.00"," 14.77"," 13.15"," 43.21"," 15.83"," 10.08"," 13.24","-11.19","  7.88","  8.94"
"ethanethiol",9,"6 H + 1 S + 2 C "," -769.42","  7.05","  8.53"," 22.32"," 13.99","  3.01","  7.13"," -5.86","  1.83","  9.56"
"dimethyl-sulfide",9,"6 H + 1 S + 2 C "," -767.77","  6.22","  7.45"," 21.97"," 12.75","  2.71","  6.71"," -6.96","  1.15","  8.30"
"vinyl-fluoride",6,"1 F + 3 H + 2 C "," -572.48","  0.98","  1.00"," 21.48"," -0.37"," -2.57"," -0.31","-16.72"," -2.45"," -5.00"
"ethyl-chloride",8,"5 H + 2 C + 1 Cl "," -692.12","  6.26","  6.42"," 20.08"," 12.19","  2.34","  4.57"," -7.36"," -0.17","  6.56"
"vinyl-chloride",6,"3 H + 2 C + 1 Cl "," -540.16","  1.74"," -0.45"," 18.19","  2.66"," -0.07","  1.22","-16.09"," -5.30"," -4.81"
"acrylonitrile",7,"1 N + 3 H + 3 C "," -764.23","  3.35","  1.70"," 35.78"," -2.72","  2.17","  4.72","-25.79"," -1.91","-15.21"
"acetone",10,"1 O + 6 H + 3 C "," -978.89","  5.51","  5.69"," 34.17","  7.55"," -0.83","  1.01","-19.90"," -1.36"," -1.29"
"acetic-acid",8,"2 O + 4 H + 2 C "," -803.48","  6.40","  3.31"," 39.76","  2.46"," -0.11","  0.20","-23.29","  0.46"," -4.81"
"acetyl-fluoride",7,"1 F + 1 O + 3 H + 2 C "," -706.76","  5.39","  1.62"," 35.87","  0.77"," -0.81"," -2.02","-23.28"," -0.98"," -6.55"
"acetyl-chloride",7,"1 O + 3 H + 2 C + 1 Cl "," -668.75","  7.03","  0.99"," 35.11","  3.29","  3.76","  3.07","-22.41"," -2.02"," -6.36"
"propyl-chloride",11,"7 H + 3 C + 1 Cl "," -986.33","  8.98","  9.00"," 27.77"," 18.08","  2.47","  4.38","-11.00"," -1.39","  8.73"
"isopropanol",12,"1 O + 8 H + 3 C ","-1108.47","  8.08"," 11.31"," 34.27"," 15.26"," -0.59","  3.64","-13.23","  1.78","  8.52"
"methyl-ethyl-ether",12,"1 O + 8 H + 3 C ","-1095.11","  5.18","  9.17"," 31.69"," 11.76"," -3.02","  2.64","-15.07","  0.41","  6.10"
"trimethylamine",13,"1 N + 9 H + 3 C ","-1160.45","  3.28","  9.34"," 29.62"," 11.30"," -4.50","  2.84","-15.99"," -0.96","  4.09"
"furan",9,"1 O + 4 H + 4 C "," -994.38","  7.73","  0.32"," 44.83","  6.03","  0.47"," -4.17","-35.88","-10.34","-12.21"
"thiophene",9,"4 H + 1 S + 4 C "," -963.79"," 12.64","  3.15"," 43.70"," 14.09","  8.15","  3.25","-30.04"," -9.43"," -6.76"
"pyrrole",10,"1 N + 5 H + 4 C ","-1072.10","  4.17"," -0.83"," 40.39","  4.67"," -2.50"," -5.45","-37.72","-13.59","-15.18"
"pyridine",12,"1 N + 5 H + 5 C ","-1238.20","  4.09"," -3.13"," 46.61","  3.13"," -1.83"," -3.01","-45.71","-16.41","-21.43"
"h2",2,"2 H "," -109.64"," -0.49","  5.03","  1.15","  0.36","  0.60","  5.48","  5.15","  5.35","  5.18"
"methyl-allene",10,"6 H + 4 C "," -999.91","  2.25","  3.67"," 29.32","  5.31"," -1.31","  2.12","-23.59"," -6.58"," -6.65"
"isoprene",13,"8 H + 5 C ","-1310.44","  7.80","  8.92"," 38.84"," 14.66","  1.52","  5.80","-23.87"," -5.02"," -1.21"
"cyclopentane",15,"10 H + 5 C ","-1464.30"," 13.25"," 13.14"," 39.34"," 28.02","  1.51"," -1.30","-18.41"," -5.84"," 10.85"
"n-pentane",17,"12 H + 5 C ","-1595.73"," 10.29"," 16.17"," 36.70"," 26.85"," -0.81","  3.53","-14.03"," -1.97"," 14.25"
"neopentane",17,"12 H + 5 C ","-1600.27"," 14.03"," 19.41"," 40.09"," 30.97","  2.04","  6.15","-10.96","  1.02"," 17.59"
"1-3-cyclohexadiene",14,"8 H + 6 C ","-1477.86"," 12.76","  8.27"," 48.36"," 21.22","  3.01"," -0.19","-32.38","-10.78"," -2.96"
"1-4-cyclohexadiene",14,"8 H + 6 C ","-1478.16"," 13.01","  8.56"," 48.00"," 21.92","  2.80"," -1.02","-31.78","-10.73"," -2.32"
"cyclohexane",18,"12 H + 6 C ","-1765.05"," 17.29"," 17.18"," 47.65"," 35.85","  2.37"," -0.49","-20.58"," -6.01"," 14.39"
"n-hexane",20,"14 H + 6 C ","-1890.10"," 13.23"," 18.97"," 44.61"," 32.96"," -0.49","  3.57","-17.50"," -2.99"," 16.60"
"3-methylpentane",20,"14 H + 6 C ","-1890.98"," 15.61"," 20.91"," 46.89"," 35.53","  1.42","  5.33","-15.69"," -1.13"," 18.49"
"toluene",15,"8 H + 7 C ","-1665.00"," 11.31","  4.41"," 53.99"," 18.95","  1.79"," -1.03","-43.74","-17.16","-10.90"
"n-heptane",23,"16 H + 7 C ","-2184.48"," 16.17"," 21.78"," 52.54"," 39.06"," -0.15","  3.61","-20.96"," -3.99"," 18.96"
"cyclooctatetraene",16,"8 H + 8 C ","-1779.50"," 15.99","  6.77"," 66.59"," 20.74","  6.28","  3.15","-49.11","-15.43","-14.21"
"n-octane",26,"18 H + 8 C ","-2478.96"," 19.22"," 24.69"," 60.57"," 45.28","  0.29","  3.75","-24.31"," -4.90"," 21.43"
"naphthalene",18,"8 H + 10 C ","-2163.01"," 16.79"," -0.61"," 78.81"," 22.94","  4.75"," -4.42","-71.97","-31.09","-26.22"
"azulene",18,"8 H + 10 C ","-2129.34"," 16.87"," -0.70"," 83.40"," 19.59","  8.89","  3.16","-74.97","-30.01","-29.35"
"methyl-acetate",11,"2 O + 6 H + 3 C ","-1087.80","  7.81","  5.46"," 46.41","  6.51"," -1.17","  0.33","-27.12"," -0.41"," -3.56"
"t-butanol",15,"1 O + 10 H + 4 C ","-1406.79"," 12.95"," 15.85"," 43.91"," 23.53","  1.10","  4.91","-15.04","  2.34"," 12.63"
"aniline",14,"1 N + 7 H + 6 C ","-1540.43","  6.69"," -0.58"," 54.39","  9.21"," -1.83"," -3.52","-50.66","-18.88","-19.78"
"phenol",13,"1 O + 6 H + 6 C ","-1472.57"," 11.66","  1.67"," 59.62"," 12.81","  2.34"," -1.58","-47.68","-15.33","-15.20"
"divinyl-ether",11,"1 O + 6 H + 4 C ","-1103.84","  5.18","  4.13"," 42.09","  4.81"," -1.17","  2.80","-29.78"," -4.54"," -7.87"
"tetrahydrofuran",13,"1 O + 8 H + 4 C ","-1262.22"," 11.66","  9.65"," 42.76"," 19.73","  0.24"," -1.80","-22.24"," -3.91","  5.74"
"cyclopentanone",14,"1 O + 8 H + 5 C ","-1437.11"," 12.94","  6.91"," 51.27"," 19.55","  0.84"," -5.21","-32.67"," -8.74"," -1.36"
"benzoquinone",12,"2 O + 4 H + 6 C ","-1424.22"," 14.86"," -1.16"," 76.03","  5.73","  6.22"," -1.00","-57.86","-12.31","-25.25"
"pyrimidine",10,"2 N + 4 H + 4 C ","-1108.79"," -1.10"," -8.95"," 46.00"," -7.27"," -6.22"," -6.58","-52.34","-18.08","-30.61"
"dimethyl-sulfone",11,"2 O + 6 H + 1 S + 2 C "," -971.06"," 29.96"," 24.55"," 66.63"," 29.62"," 21.69"," 20.84"," -7.11"," 18.40"," 19.15"
"chlorobenzene",12,"5 H + 6 C + 1 Cl ","-1348.17"," 13.58","  0.71"," 54.12"," 16.66","  6.03"," -0.09","-44.35","-17.34","-14.06"
"butanedinitrile",10,"2 N + 4 H + 4 C ","-1104.52","  5.60","  0.49"," 53.63"," -3.17","  1.04","  0.28","-40.32"," -4.77","-24.04"
"pyrazine",10,"2 N + 4 H + 4 C ","-1108.54","  2.76"," -5.00"," 50.73"," -3.95"," -1.94"," -1.79","-48.83","-13.91","-27.19"
"butyn-3-one",9,"1 O + 4 H + 4 C "," -968.85","  9.70","  5.24"," 48.53","  4.71","  5.22","  4.88","-29.23"," -1.23","-10.84"
"crotonaldehyde",11,"1 O + 6 H + 4 C ","-1124.74","  4.78","  2.65"," 41.33","  4.54"," -0.87","  1.21","-30.74"," -5.83"," -9.31"
"acetic-anhydride",13,"3 O + 6 H + 4 C ","-1360.76"," 11.07","  2.50"," 67.33","  4.48"," -0.77"," -3.19","-44.90"," -4.03","-13.33"
"2-5-dihydrothiophene",11,"6 H + 1 S + 4 C ","-1086.29"," 12.73","  5.55"," 40.44"," 18.99","  5.76","  1.91","-24.15"," -7.31","  0.97"
"methylpropanenitrile",12,"1 N + 7 H + 4 C ","-1207.15","  8.50","  8.79"," 43.00"," 10.97","  1.74","  3.63","-23.42"," -0.98"," -3.98"
"methyl-ethyl-ketone",13,"1 O + 8 H + 4 C ","-1273.57","  8.53","  8.55"," 42.08"," 13.85"," -0.50","  0.96","-23.30"," -2.38","  1.13"
"methylpropanal",13,"1 O + 8 H + 4 C ","-1268.12"," 10.54"," 10.36"," 44.21"," 15.66","  1.69","  3.24","-21.32"," -0.26","  3.05"
"1-4-dioxane",14,"2 O + 8 H + 4 C ","-1355.41"," 13.24","  9.18"," 54.08"," 17.89"," -1.01"," -2.04","-29.46"," -2.86","  2.96"
"tetrahydrothiophene",13,"8 H + 1 S + 4 C ","-1231.62"," 15.88"," 10.87"," 41.25"," 27.01","  6.62","  3.28","-17.49"," -3.95"," 10.41"
"t-butyl-chloride",14,"9 H + 4 C + 1 Cl ","-1286.96"," 14.73"," 14.23"," 38.34"," 27.23","  4.93","  6.62","-12.28"," -0.14"," 13.50"
"n-butyl-chloride",14,"9 H + 4 C + 1 Cl ","-1281.28"," 12.52"," 12.41"," 36.29"," 24.78","  3.42","  5.04","-13.84"," -1.78"," 11.71"
"tetrahydropyrrole",14,"1 N + 9 H + 4 C ","-1330.89","  8.76","  8.62"," 39.59"," 18.37"," -2.03"," -2.79","-24.08"," -6.47","  2.83"
"nitro-s-butane",16,"1 N + 2 O + 9 H + 4 C ","-1490.96"," 10.86","  7.11"," 72.41","  5.41","  0.02"," -1.20","-47.97"," -4.45","-14.99"
"diethyl-ether",15,"1 O + 10 H + 4 C ","-1393.02","  8.39"," 12.44"," 39.86"," 18.13"," -2.48","  3.07","-18.13"," -0.20","  8.85"
"acetaldehyde-dimethyl-acetal",16,"2 O + 10 H + 4 C ","-1487.65"," 12.15"," 13.42"," 53.35"," 18.71"," -1.69","  3.80","-23.71","  2.32","  7.98"
"t-butanethiol",15,"10 H + 1 S + 4 C ","-1362.62"," 15.98"," 16.56"," 41.07"," 29.50","  6.00","  9.23","-10.69","  1.99"," 16.68"
"diethyl-disulfide",16,"10 H + 2 S + 4 C ","-1423.08"," 18.37"," 14.18"," 49.36"," 29.94"," 10.55"," 13.68","-16.43","  0.97"," 14.79"
"t-butylamine",16,"1 N + 11 H + 4 C ","-1472.90"," 10.01"," 15.10"," 40.74"," 21.94"," -1.12","  4.54","-16.43","  0.41","  9.84"
"tetramethylsilane",17,"12 H + 1 Si + 4 C ","-1546.05"," 18.76"," 22.45"," 40.44"," 36.99","  7.80"," 12.26","  2.30"," 10.66"," 29.78"
"2-methyl-thiophene",12,"6 H + 1 S + 5 C ","-1260.64"," 15.52","  5.87"," 51.76"," 20.04","  8.58","  3.21","-33.81","-10.62"," -4.65"
"n-methyl-pyrrole",13,"1 N + 7 H + 5 C ","-1362.46","  6.84","  2.04"," 48.35"," 10.18"," -2.28"," -4.83","-41.13","-14.21","-13.00"
"tetrahydropyran",16,"1 O + 10 H + 5 C ","-1561.19"," 15.49"," 13.41"," 51.08"," 27.12","  0.90"," -1.05","-24.78"," -4.22","  8.92"
"diethyl-ketone",16,"1 O + 10 H + 5 C ","-1567.64"," 11.05"," 10.88"," 49.48"," 19.63"," -0.70","  0.38","-27.20"," -3.91","  3.05"
"isopropyl-acetate",17,"2 O + 10 H + 5 C ","-1682.95"," 14.54"," 12.07"," 63.00"," 19.67"," -0.06","  1.07","-33.27"," -1.62","  1.96"
"tetrahydrothiopyran",16,"10 H + 1 S + 5 C ","-1528.15"," 19.64"," 14.56"," 49.55"," 34.30","  7.27","  3.72","-20.16"," -4.37"," 13.43"
"piperidine",17,"1 N + 11 H + 5 C ","-1630.92"," 13.45"," 13.24"," 48.73"," 26.69"," -0.51"," -1.39","-25.75"," -5.98","  6.87"
"t-butyl-methyl-ether",18,"1 O + 12 H + 5 C ","-1689.20"," 15.08"," 18.35"," 51.21"," 28.43","  0.59","  5.42","-18.63","  1.70"," 14.27"
"1-3-difluorobenzene",12,"2 F + 4 H + 6 C ","-1387.25"," 10.85"," -3.52"," 62.46","  8.00"," -0.65"," -8.46","-56.31","-19.43","-21.71"
"1-4-difluorobenzene",12,"2 F + 4 H + 6 C ","-1386.59"," 10.86"," -3.44"," 62.58","  7.93"," -0.60"," -8.32","-56.26","-19.31","-21.73"
"fluorobenzene",12,"1 F + 5 H + 6 C ","-1378.42","  9.78"," -0.76"," 54.32"," 10.61","  0.56"," -4.47","-47.91","-17.47","-17.17"
"diisopropyl-ether",21,"1 O + 14 H + 6 C ","-1987.22"," 16.87"," 20.42"," 58.11"," 33.17","  0.03","  5.01","-22.87","  0.03"," 15.77"
"pf5",6,"5 F + 1 P "," -558.74"," 31.85"," 22.28"," 60.81"," 26.48"," 16.14"," 16.38","  4.25"," 27.76"," 28.34"
"sf6",7,"6 F + 1 S "," -480.73"," 39.46"," 23.87"," 82.64"," 27.91"," 21.44"," 13.74","-11.68"," 23.89"," 21.36"
"p4",4,"4 P "," -289.74"," 15.69","  4.87"," 36.69"," 10.78"," 22.06"," 21.91","-13.95","  1.88"," -1.57"
"so3",4,"3 O + 1 S "," -344.72"," 29.55"," 17.40"," 72.11"," 12.34"," 27.22"," 21.93","-12.22"," 22.48","  4.86"
"scl2",3,"1 S + 2 Cl "," -130.80","  9.62"," -0.40"," 22.72","  5.54"," 11.67"," 12.32"," -9.05","  1.68","  0.29"
"pocl3",5,"1 O + 1 P + 3 Cl "," -361.36"," 27.73"," 10.53"," 49.81"," 23.28"," 24.55"," 20.46"," -4.28"," 13.60"," 13.83"
"pcl5",6,"1 P + 5 Cl "," -312.88"," 30.39","  6.38"," 48.92"," 29.23"," 28.25"," 22.04"," -9.02","  6.04"," 13.06"
"cl2o2s",5,"2 O + 1 S + 2 Cl "," -334.41"," 34.01"," 16.40"," 71.58"," 20.71"," 32.71"," 27.32","-12.08"," 18.78","  8.72"
"pcl3",4,"1 P + 3 Cl "," -234.90"," 14.04","  0.68"," 27.77"," 11.20"," 15.06"," 16.24"," -7.67","  3.75","  4.50"
"cl2s2",4,"2 S + 2 Cl "," -197.70"," 10.36"," -4.16"," 31.30","  2.78"," 15.13"," 17.15","-19.24"," -1.42"," -5.61"
"sicl2",3,"1 Si + 2 Cl "," -207.94"," 10.13","  0.86"," 17.53","  9.55"," 10.27"," 11.55"," -1.49","  4.44","  6.11"
"cf3cl",5,"3 F + 1 C + 1 Cl "," -433.74"," 11.24"," -0.97"," 39.41","  4.28","  2.18"," -3.63","-24.29"," -1.74"," -3.73"
"c2f6",8,"6 F + 2 C "," -790.86"," 16.96"," -1.15"," 65.29","  5.57"," -1.81","-11.57","-41.65"," -2.79"," -6.94"
"beh",2,"1 H + 1 Be ","  -49.94"," -7.83"," -2.40"," -7.43"," -6.93"," -7.84"," -7.23"," -5.46"," -5.75"," -6.23"
"ch",2,"1 H + 1 C ","  -83.99"," -1.39","  0.80","  1.40"," -1.58"," -0.52","  2.37"," -0.67","  1.11"," -0.79"
"ch2trip",3,"2 H + 1 C "," -190.49"," -1.50","  2.98","  1.61","  0.59"," -1.82"," -2.82"," -3.85"," -3.02"," -1.22"
"ch3",4,"3 H + 1 C "," -307.59"," -2.12","  3.86","  2.49","  0.79"," -2.72","  0.06"," -2.10"," -0.53","  1.12"
"nh",2,"1 N + 1 H ","  -83.52"," -4.37"," -1.01","  0.07"," -5.87"," -3.46"," -1.18"," -4.86"," -1.55"," -5.59"
"nh2",3,"1 N + 2 H "," -181.71"," -5.99"," -1.04","  2.05"," -7.63"," -5.24"," -0.69"," -6.72"," -1.16"," -6.32"
"oh",2,"1 O + 1 H "," -106.69"," -1.34","  0.56","  4.71"," -2.87"," -1.52","  0.31"," -3.07","  1.14"," -1.53"
"sih2trip",3,"2 H + 1 Si "," -131.15"," -1.09","  2.26"," -0.03","  1.42"," -1.39"," -1.56","  0.18"," -0.34","  3.47"
"sih3",4,"3 H + 1 Si "," -225.84"," -1.30","  3.76"," -0.45","  2.74"," -2.21","  1.99","  4.59","  3.53","  7.89"
"ph2",3,"1 P + 2 H "," -152.92"," -4.60"," -0.27"," -1.60"," -3.49"," -4.23","  2.28"," -0.51","  0.89","  1.32"
"cn",2,"1 N + 1 C "," -181.53","  2.78","  1.53"," 24.89"," -9.05","  6.02","  6.76","-15.23","  3.47","-14.55"
"hco",3,"1 O + 1 H + 1 C "," -279.05"," -0.73"," -1.81"," 18.12"," -7.39"," -1.45"," -1.27","-15.47"," -0.88"," -9.95"
"no",2,"1 N + 1 O "," -152.93"," -1.51"," -3.32"," 21.23","-12.76"," -1.57"," -3.17","-18.46","  0.30","-16.00"
"o2",2,"2 O "," -120.76"," -2.39"," -6.31"," 21.20","-14.00"," -3.09"," -6.41","-22.31"," -3.10","-15.89"
"si2",2,"2 Si ","  -75.61","  3.46","  0.56","  8.05","  1.89"," 10.10"," 13.60"," -3.74","  2.58"," -0.78"
"s2",2,"2 S "," -102.79","  1.94"," -2.77"," 12.44"," -2.28","  5.04","  7.71","-10.01"," -1.54"," -4.94"
"so",2,"1 O + 1 S "," -125.81","  2.42"," -0.96"," 19.62"," -5.81","  2.81","  3.46","-12.10","  2.15"," -6.82"
"clo",2,"1 O + 1 Cl ","  -65.62","  1.41"," -1.82"," 17.28"," -7.11","  2.56","  3.17","-13.61","  0.46"," -8.95"
"sh",2,"1 H + 1 S ","  -87.47"," -0.19","  1.17","  2.25","  0.21","  0.01","  2.50"," -0.05","  1.24","  1.73"
"cch",3,"1 H + 2 C "," -266.31","  4.14","  4.77"," 18.58","  0.16","  4.64","  3.34","-10.18","  0.42"," -6.32"
"c2h3",5,"3 H + 2 C "," -445.08"," -1.87","  1.14"," 10.87"," -1.39"," -2.59"," -0.38","-12.40"," -4.26"," -5.90"
"ch3co",6,"1 O + 3 H + 2 C "," -581.78","  0.27"," -0.75"," 24.48"," -3.55"," -2.61"," -2.48","-21.01"," -3.59"," -9.68"
"h2coh",5,"1 O + 3 H + 1 C "," -409.79"," -0.59","  1.86"," 15.35"," -1.79"," -3.27"," -1.23","-11.29"," -0.64"," -2.61"
"ch3o",5,"1 O + 3 H + 1 C "," -400.71"," -2.63"," -0.27"," 11.14"," -3.64"," -4.39"," -0.86","-12.00"," -2.11"," -4.57"
"ch3ch2o",8,"1 O + 5 H + 2 C "," -698.45","  4.43","  3.32"," 22.95","  6.59"," -3.11","  3.33","-11.10","  1.17","  2.11"
"ch3s",5,"3 H + 1 S + 1 C "," -381.63","  0.24","  1.07","  8.93","  2.77"," -1.08","  1.31"," -6.74"," -1.87","  0.77"
"c2h5",7,"5 H + 2 C "," -603.55"," -1.15","  4.65","  9.22","  4.35"," -3.87"," -1.08"," -7.88"," -3.21","  1.24"
"ch3chch3",10,"7 H + 3 C "," -900.41","  0.39","  6.00"," 16.32","  8.67"," -4.64"," -1.91","-13.17"," -5.53","  1.92"
"t-butyl-radical",13,"9 H + 4 C ","-1199.08","  4.03","  9.36"," 25.35"," 15.24"," -3.52"," -0.97","-16.49"," -6.00","  4.61"
"no2",3,"1 N + 2 O "," -227.82"," -3.83"," -8.78"," 39.64","-25.44"," -2.24"," -5.64","-40.87"," -4.97","-32.74"
"cf3",4,"3 F + 1 C "," -344.85","  2.20"," -4.82"," 27.66"," -6.01"," -5.06","-10.21","-26.41"," -5.68","-10.90"
"phenyl-radical",11,"5 H + 6 C ","-1248.06","  5.22"," -2.59"," 42.52","  7.38"," -0.74"," -5.91","-45.83","-20.97","-20.28"
